{"name": "bishi", "aid": "55", "link": "www.bilibili.com/video/av55", "title": "【天哥版】最春哥", "play": "17.2万", "time": "2009-7-13"}
{"name": "bishi", "aid": "16", "link": "www.bilibili.com/video/av16", "title": "【FATE相关】CRUCIS FATAL FAKE MV 《Faker》", "play": "25.2万", "time": "2009-7-9"}
{"name": "碧诗", "aid": "27149929", "link": "www.bilibili.com/video/av27149929", "title": "如何评价B站高管在上市后买了这辆车？", "play": "43.6万", "time": "7-18"}
{"name": "碧诗", "aid": "24915616", "link": "www.bilibili.com/video/av24915616", "title": "这个摩托车有毒", "play": "17.3万", "time": "6-15"}
{"name": "碧诗", "aid": "18967577", "link": "www.bilibili.com/video/av18967577", "title": "听说你的门牙有神性？", "play": "12.1万", "time": "1-31"}
{"name": "碧诗", "aid": "17202823", "link": "www.bilibili.com/video/av17202823", "title": "听说你看透一切？", "play": "9万", "time": "2017-12-12"}
{"name": "碧诗", "aid": "10463560", "link": "www.bilibili.com/video/av10463560", "title": "fgo赝作活动罗浮宫三回合速通方法？", "play": "11.1万", "time": "2017-5-10"}
{"name": "碧诗", "aid": "5626817", "link": "www.bilibili.com/video/av5626817", "title": "屁股的毒性肯定来自于全场最佳", "play": "34.6万", "time": "2016-8-3"}
{"name": "碧诗", "aid": "2212041", "link": "www.bilibili.com/video/av2212041", "title": "【欧洲】幻想战姬10连抽，内有基佬", "play": "25.2万", "time": "2015-4-12"}
{"name": "碧诗", "aid": "910689", "link": "www.bilibili.com/video/av910689", "title": "[虐猫]帮猫猫洗头", "play": "31.4万", "time": "2014-1-14"}
{"name": "碧诗", "aid": "318092", "link": "www.bilibili.com/video/av318092", "title": "第2届动漫脚本暨插画大赛欢迎投稿&作品选集", "play": "4.3万", "time": "2012-7-25"}
{"name": "碧诗", "aid": "277380", "link": "www.bilibili.com/video/av277380", "title": "一个合格的战士必修技能", "play": "33.7万", "time": "2012-6-1"}
{"name": "碧诗", "aid": "220232", "link": "www.bilibili.com/video/av220232", "title": "[圆环之理]Sagitta luminis", "play": "8.4万", "time": "2012-2-22"}
{"name": "碧诗", "aid": "140956", "link": "www.bilibili.com/video/av140956", "title": "腾讯“首届动漫脚本选秀大赛”10强出炉！", "play": "4.2万", "time": "2011-9-6"}
{"name": "碧诗", "aid": "120040", "link": "www.bilibili.com/video/av120040", "title": "高级语言弹幕测试", "play": "214.1万", "time": "2011-7-26"}
{"name": "碧诗", "aid": "114453", "link": "www.bilibili.com/video/av114453", "title": "[clannad as 18集]压缩画质测试 360P", "play": "2.8万", "time": "2011-7-12"}
{"name": "碧诗", "aid": "110737", "link": "www.bilibili.com/video/av110737", "title": "腾讯动漫脚本大赛100强海选中！", "play": "2.5万", "time": "2011-7-3"}
{"name": "碧诗", "aid": "40914", "link": "www.bilibili.com/video/av40914", "title": "the world正确用法", "play": "10.5万", "time": "2010-12-5"}
{"name": "碧诗", "aid": "37093", "link": "www.bilibili.com/video/av37093", "title": "我的馒头可是突破天际的啊", "play": "5.4万", "time": "2010-11-16"}
{"name": "碧诗", "aid": "9615", "link": "www.bilibili.com/video/av9615", "title": "[SC2]this is 斯巴达！", "play": "2.4万", "time": "2010-6-13"}
{"name": "碧诗", "aid": "5878", "link": "www.bilibili.com/video/av5878", "title": "[东方]ナイト—オブ—ナイツ 十六夜咲夜", "play": "8.2万", "time": "2010-4-25"}
{"name": "碧诗", "aid": "968", "link": "www.bilibili.com/video/av968", "title": "最终鬼畜全部曲.", "play": "4.5万", "time": "2010-1-1"}
{"name": "碧诗", "aid": "901", "link": "www.bilibili.com/video/av901", "title": "【神技宅】只要998等身大Miku抱回家", "play": "2.1万", "time": "2009-12-7"}
{"name": "碧诗", "aid": "2", "link": "www.bilibili.com/video/av2", "title": "字幕君交流场所", "play": "36.8万", "time": "2009-9-9"}
{"name": "碧诗", "aid": "352", "link": "www.bilibili.com/video/av352", "title": "【巡音ルカ&鏡音リン】ANTI THE∞HOLiC", "play": "3.8万", "time": "2009-9-8"}
{"name": "碧诗", "aid": "351", "link": "www.bilibili.com/video/av351", "title": "[治愈]感人的琪露诺无字短漫", "play": "5.7万", "time": "2009-9-8"}
{"name": "碧诗", "aid": "350", "link": "www.bilibili.com/video/av350", "title": "【神PV】「初音ミクの消失」【by hombre】", "play": "8.4万", "time": "2009-9-8"}
{"name": "碧诗", "aid": "349", "link": "www.bilibili.com/video/av349", "title": "[人生的导师松冈修造]東方修夢造", "play": "18.3万", "time": "2009-9-8"}
{"name": "碧诗", "aid": "348", "link": "www.bilibili.com/video/av348", "title": "[miku]-Colorful World-", "play": "1.5万", "time": "2009-9-8"}
{"name": "碧诗", "aid": "302", "link": "www.bilibili.com/video/av302", "title": "[FXTZ]这是东方北斗乡", "play": "8.7万", "time": "2009-8-20"}
{"name": "碧诗", "aid": "271", "link": "www.bilibili.com/video/av271", "title": "弹幕测试专用", "play": "141.1万", "time": "2009-8-10"}
{"name": "碧诗", "aid": "248", "link": "www.bilibili.com/video/av248", "title": "【東方ＰＶ】お空のニュークリアフュージョン道場", "play": "4.5万", "time": "2009-8-8"}
{"name": "囧囧倉", "aid": "58611", "link": "www.bilibili.com/video/av58611", "title": "【CM3D】Miku Maid ver.2 BGM替换", "play": "2.2万", "time": "2011-2-8"}
{"name": "囧囧倉", "aid": "56753", "link": "www.bilibili.com/video/av56753", "title": "【Game】定制女仆 Miku Maid ver.", "play": "7068", "time": "2011-2-5"}
{"name": "囧囧倉", "aid": "53351", "link": "www.bilibili.com/video/av53351", "title": "【沙谷氏】モノクロ∞ブルースカイ", "play": "1616", "time": "2011-1-27"}
{"name": "囧囧倉", "aid": "10057", "link": "www.bilibili.com/video/av10057", "title": "水影之魅（浮水拓画彩墨轻）", "play": "6437", "time": "2010-6-17"}
{"name": "囧囧倉", "aid": "2300", "link": "www.bilibili.com/video/av2300", "title": "【Live】初音ミクFES'09（夏）ライブ映像", "play": "1.5万", "time": "2010-2-12"}
{"name": "囧囧倉", "aid": "1862", "link": "www.bilibili.com/video/av1862", "title": "【AMV】Quatro nAVI System CODE VECTOR", "play": "1764", "time": "2010-2-2"}
{"name": "囧囧倉", "aid": "1090", "link": "www.bilibili.com/video/av1090", "title": "【Anime】瓶詰妖精", "play": "1.2万", "time": "2010-1-5"}
{"name": "囧囧倉", "aid": "1042", "link": "www.bilibili.com/video/av1042", "title": "【AMV】Toxico", "play": "8823", "time": "2010-1-3"}
{"name": "囧囧倉", "aid": "1040", "link": "www.bilibili.com/video/av1040", "title": "【AMV】Re-euolution再進化", "play": "1.1万", "time": "2010-1-3"}
{"name": "腹黑君", "aid": "9697", "link": "www.bilibili.com/video/av9697", "title": "【已经修改】几首不错的DJ曲 有福利 有乳摇-0-", "play": "--", "time": "2010-6-14"}
{"name": "腹黑君", "aid": "4557", "link": "www.bilibili.com/video/av4557", "title": "【非ACG】【禁断教室写实版】", "play": "5006", "time": "2010-3-26"}
{"name": "腹黑君", "aid": "2977", "link": "www.bilibili.com/video/av2977", "title": "【非ACG】【治愈系】如果此時尿了怎么办", "play": "1.1万", "time": "2010-2-22"}
{"name": "腹黑君", "aid": "1244", "link": "www.bilibili.com/video/av1244", "title": "【非腹黑】某感人肺腑的国产AV前传—真的很感人", "play": "3637", "time": "2010-1-9"}
{"name": "腹黑君", "aid": "1167", "link": "www.bilibili.com/video/av1167", "title": "【腹黑】感人肺腑 外焦里嫩《BOY♂NEXT♂DOOR》", "play": "--", "time": "2010-1-7"}
{"name": "腹黑君", "aid": "1134", "link": "www.bilibili.com/video/av1134", "title": "【腹黑】感人肺腑的国产AV", "play": "2.6万", "time": "2010-1-6"}
{"name": "Tzwcard", "aid": "40088", "link": "www.bilibili.com/video/av40088", "title": "【雀龍門】三麻初数え役満", "play": "541", "time": "2010-12-1"}
{"name": "Tzwcard", "aid": "36598", "link": "www.bilibili.com/video/av36598", "title": "【雀龍門】普通的三倍满逆一", "play": "635", "time": "2010-11-14"}
{"name": "Tzwcard", "aid": "31485", "link": "www.bilibili.com/video/av31485", "title": "【雀龍門】人参的役满集[2p]", "play": "81", "time": "2010-10-15"}
{"name": "Tzwcard", "aid": "31469", "link": "www.bilibili.com/video/av31469", "title": "[jubeat knit]Far East Nightbird[EXT]EXC", "play": "231", "time": "2010-10-15"}
{"name": "Tzwcard", "aid": "19752", "link": "www.bilibili.com/video/av19752", "title": "我的妹妹不可能那么可爱PV", "play": "--", "time": "2010-8-11"}
{"name": "Tzwcard", "aid": "971", "link": "www.bilibili.com/video/av971", "title": "【海猫】最終章ＭＡＤ～蒼黒のスピカ～", "play": "--", "time": "2010-1-1"}
{"name": "柴刀娘木木", "aid": "29977618", "link": "www.bilibili.com/video/av29977618", "title": "【江之岛】纳凉花火", "play": "704", "time": "8-22"}
{"name": "柴刀娘木木", "aid": "27719354", "link": "www.bilibili.com/video/av27719354", "title": "【皮总试驾宾利】", "play": "2635", "time": "7-25"}
{"name": "柴刀娘木木", "aid": "463757", "link": "www.bilibili.com/video/av463757", "title": "[2013拜年祭]『Dear』--中文合唱--", "play": "45.8万", "time": "2013-2-6"}
{"name": "柴刀娘木木", "aid": "59841", "link": "www.bilibili.com/video/av59841", "title": "BiliBili★Burning Night【拜年祭开场曲】(高清下载放出)", "play": "10.3万", "time": "2011-2-11"}
{"name": "柴刀娘木木", "aid": "44739", "link": "www.bilibili.com/video/av44739", "title": "bili娘小剧场[祝你圣诞快乐]", "play": "6.5万", "time": "2010-12-25"}
{"name": "柴刀娘木木", "aid": "1699", "link": "www.bilibili.com/video/av1699", "title": "【小柊】熊猫猫体操舞专辑(暂5P)[花丸幼稚园]", "play": "15.4万", "time": "2010-1-30"}
{"name": "柴刀娘木木", "aid": "1243", "link": "www.bilibili.com/video/av1243", "title": "『自主庆生』【柴刀娘木木小剧场】", "play": "5624", "time": "2010-1-8"}
{"name": "柴刀娘木木", "aid": "1080", "link": "www.bilibili.com/video/av1080", "title": "真红第3弹--【真紅LOVEドッきゅん】", "play": "3.8万", "time": "2010-1-5"}
{"name": "柴刀娘木木", "aid": "832", "link": "www.bilibili.com/video/av832", "title": "【飞剑】--生日演奏（更新 增添P2", "play": "2618", "time": "2009-11-22"}
{"name": "柴刀娘木木", "aid": "788", "link": "www.bilibili.com/video/av788", "title": "【221的金坷垃Ｘ油库里≡(▔﹏▔)≡】", "play": "2.2万", "time": "2009-11-12"}
